Image Name,Category,Image Path,Mask Path
People_0.jpg,People,D:\git ex\DA\RMBG-U2NET\Data\images\People_0.jpg,D:\git ex\DA\RMBG-U2NET\Data\masks\People_0.png
People_1.jpg,People,D:\git ex\DA\RMBG-U2NET\Data\images\People_1.jpg,D:\git ex\DA\RMBG-U2NET\Data\masks\People_1.png
People_10.jpg,People,D:\git ex\DA\RMBG-U2NET\Data\images\People_10.jpg,D:\git ex\DA\RMBG-U2NET\Data\masks\People_10.png
People_100.jpg,People,D:\git ex\DA\RMBG-U2NET\Data\images\People_100.jpg,D:\git ex\DA\RMBG-U2NET\Data\masks\People_100.png
People_101.jpg,People,D:\git ex\DA\RMBG-U2NET\Data\images\People_101.jpg,D:\git ex\DA\RMBG-U2NET\Data\masks\People_101.png
People_102.jpg,People,D:\git ex\DA\RMBG-U2NET\Data\images\People_102.jpg,D:\git ex\DA\RMBG-U2NET\Data\masks\People_102.png
People_103.jpg,People,D:\git ex\DA\RMBG-U2NET\Data\images\People_103.jpg,D:\git ex\DA\RMBG-U2NET\Data\masks\People_103.png
People_104.jpg,People,D:\git ex\DA\RMBG-U2NET\Data\images\People_104.jpg,D:\git ex\DA\RMBG-U2NET\Data\masks\People_104.png
People_105.jpg,People,D:\git ex\DA\RMBG-U2NET\Data\images\People_105.jpg,D:\git ex\DA\RMBG-U2NET\Data\masks\People_105.png
People_106.jpg,People,D:\git ex\DA\RMBG-U2NET\Data\images\People_106.jpg,D:\git ex\DA\RMBG-U2NET\Data\masks\People_106.png
People_107.jpg,People,D:\git ex\DA\RMBG-U2NET\Data\images\People_107.jpg,D:\git ex\DA\RMBG-U2NET\Data\masks\People_107.png
People_108.jpg,People,D:\git ex\DA\RMBG-U2NET\Data\images\People_108.jpg,D:\git ex\DA\RMBG-U2NET\Data\masks\People_108.png
People_109.jpg,People,D:\git ex\DA\RMBG-U2NET\Data\images\People_109.jpg,D:\git ex\DA\RMBG-U2NET\Data\masks\People_109.png
People_11.jpg,People,D:\git ex\DA\RMBG-U2NET\Data\images\People_11.jpg,D:\git ex\DA\RMBG-U2NET\Data\masks\People_11.png
People_110.jpg,People,D:\git ex\DA\RMBG-U2NET\Data\images\People_110.jpg,D:\git ex\DA\RMBG-U2NET\Data\masks\People_110.png
People_111.jpg,People,D:\git ex\DA\RMBG-U2NET\Data\images\People_111.jpg,D:\git ex\DA\RMBG-U2NET\Data\masks\People_111.png
People_112.jpg,People,D:\git ex\DA\RMBG-U2NET\Data\images\People_112.jpg,D:\git ex\DA\RMBG-U2NET\Data\masks\People_112.png
People_113.jpg,People,D:\git ex\DA\RMBG-U2NET\Data\images\People_113.jpg,D:\git ex\DA\RMBG-U2NET\Data\masks\People_113.png
People_114.jpg,People,D:\git ex\DA\RMBG-U2NET\Data\images\People_114.jpg,D:\git ex\DA\RMBG-U2NET\Data\masks\People_114.png
People_115.jpg,People,D:\git ex\DA\RMBG-U2NET\Data\images\People_115.jpg,D:\git ex\DA\RMBG-U2NET\Data\masks\People_115.png
People_116.jpg,People,D:\git ex\DA\RMBG-U2NET\Data\images\People_116.jpg,D:\git ex\DA\RMBG-U2NET\Data\masks\People_116.png
People_117.jpg,People,D:\git ex\DA\RMBG-U2NET\Data\images\People_117.jpg,D:\git ex\DA\RMBG-U2NET\Data\masks\People_117.png
People_118.jpg,People,D:\git ex\DA\RMBG-U2NET\Data\images\People_118.jpg,D:\git ex\DA\RMBG-U2NET\Data\masks\People_118.png
People_119.jpg,People,D:\git ex\DA\RMBG-U2NET\Data\images\People_119.jpg,D:\git ex\DA\RMBG-U2NET\Data\masks\People_119.png
People_12.jpg,People,D:\git ex\DA\RMBG-U2NET\Data\images\People_12.jpg,D:\git ex\DA\RMBG-U2NET\Data\masks\People_12.png
People_120.jpg,People,D:\git ex\DA\RMBG-U2NET\Data\images\People_120.jpg,D:\git ex\DA\RMBG-U2NET\Data\masks\People_120.png
People_121.jpg,People,D:\git ex\DA\RMBG-U2NET\Data\images\People_121.jpg,D:\git ex\DA\RMBG-U2NET\Data\masks\People_121.png
People_122.jpg,People,D:\git ex\DA\RMBG-U2NET\Data\images\People_122.jpg,D:\git ex\DA\RMBG-U2NET\Data\masks\People_122.png
People_123.jpg,People,D:\git ex\DA\RMBG-U2NET\Data\images\People_123.jpg,D:\git ex\DA\RMBG-U2NET\Data\masks\People_123.png
People_124.jpg,People,D:\git ex\DA\RMBG-U2NET\Data\images\People_124.jpg,D:\git ex\DA\RMBG-U2NET\Data\masks\People_124.png
People_125.jpg,People,D:\git ex\DA\RMBG-U2NET\Data\images\People_125.jpg,D:\git ex\DA\RMBG-U2NET\Data\masks\People_125.png
People_126.jpg,People,D:\git ex\DA\RMBG-U2NET\Data\images\People_126.jpg,D:\git ex\DA\RMBG-U2NET\Data\masks\People_126.png
People_127.jpg,People,D:\git ex\DA\RMBG-U2NET\Data\images\People_127.jpg,D:\git ex\DA\RMBG-U2NET\Data\masks\People_127.png
People_128.jpg,People,D:\git ex\DA\RMBG-U2NET\Data\images\People_128.jpg,D:\git ex\DA\RMBG-U2NET\Data\masks\People_128.png
People_129.jpg,People,D:\git ex\DA\RMBG-U2NET\Data\images\People_129.jpg,D:\git ex\DA\RMBG-U2NET\Data\masks\People_129.png
People_13.jpg,People,D:\git ex\DA\RMBG-U2NET\Data\images\People_13.jpg,D:\git ex\DA\RMBG-U2NET\Data\masks\People_13.png
People_130.jpg,People,D:\git ex\DA\RMBG-U2NET\Data\images\People_130.jpg,D:\git ex\DA\RMBG-U2NET\Data\masks\People_130.png
People_131.jpg,People,D:\git ex\DA\RMBG-U2NET\Data\images\People_131.jpg,D:\git ex\DA\RMBG-U2NET\Data\masks\People_131.png
People_132.jpg,People,D:\git ex\DA\RMBG-U2NET\Data\images\People_132.jpg,D:\git ex\DA\RMBG-U2NET\Data\masks\People_132.png
People_133.jpg,People,D:\git ex\DA\RMBG-U2NET\Data\images\People_133.jpg,D:\git ex\DA\RMBG-U2NET\Data\masks\People_133.png
People_134.jpg,People,D:\git ex\DA\RMBG-U2NET\Data\images\People_134.jpg,D:\git ex\DA\RMBG-U2NET\Data\masks\People_134.png
People_135.jpg,People,D:\git ex\DA\RMBG-U2NET\Data\images\People_135.jpg,D:\git ex\DA\RMBG-U2NET\Data\masks\People_135.png
People_136.jpg,People,D:\git ex\DA\RMBG-U2NET\Data\images\People_136.jpg,D:\git ex\DA\RMBG-U2NET\Data\masks\People_136.png
People_137.jpg,People,D:\git ex\DA\RMBG-U2NET\Data\images\People_137.jpg,D:\git ex\DA\RMBG-U2NET\Data\masks\People_137.png
People_138.jpg,People,D:\git ex\DA\RMBG-U2NET\Data\images\People_138.jpg,D:\git ex\DA\RMBG-U2NET\Data\masks\People_138.png
People_139.jpg,People,D:\git ex\DA\RMBG-U2NET\Data\images\People_139.jpg,D:\git ex\DA\RMBG-U2NET\Data\masks\People_139.png
People_14.jpg,People,D:\git ex\DA\RMBG-U2NET\Data\images\People_14.jpg,D:\git ex\DA\RMBG-U2NET\Data\masks\People_14.png
People_140.jpg,People,D:\git ex\DA\RMBG-U2NET\Data\images\People_140.jpg,D:\git ex\DA\RMBG-U2NET\Data\masks\People_140.png
People_141.jpg,People,D:\git ex\DA\RMBG-U2NET\Data\images\People_141.jpg,D:\git ex\DA\RMBG-U2NET\Data\masks\People_141.png
People_142.jpg,People,D:\git ex\DA\RMBG-U2NET\Data\images\People_142.jpg,D:\git ex\DA\RMBG-U2NET\Data\masks\People_142.png
People_143.jpg,People,D:\git ex\DA\RMBG-U2NET\Data\images\People_143.jpg,D:\git ex\DA\RMBG-U2NET\Data\masks\People_143.png
People_144.jpg,People,D:\git ex\DA\RMBG-U2NET\Data\images\People_144.jpg,D:\git ex\DA\RMBG-U2NET\Data\masks\People_144.png
People_145.jpg,People,D:\git ex\DA\RMBG-U2NET\Data\images\People_145.jpg,D:\git ex\DA\RMBG-U2NET\Data\masks\People_145.png
People_146.jpg,People,D:\git ex\DA\RMBG-U2NET\Data\images\People_146.jpg,D:\git ex\DA\RMBG-U2NET\Data\masks\People_146.png
People_147.jpg,People,D:\git ex\DA\RMBG-U2NET\Data\images\People_147.jpg,D:\git ex\DA\RMBG-U2NET\Data\masks\People_147.png
People_148.jpg,People,D:\git ex\DA\RMBG-U2NET\Data\images\People_148.jpg,D:\git ex\DA\RMBG-U2NET\Data\masks\People_148.png
People_149.jpg,People,D:\git ex\DA\RMBG-U2NET\Data\images\People_149.jpg,D:\git ex\DA\RMBG-U2NET\Data\masks\People_149.png
People_15.jpg,People,D:\git ex\DA\RMBG-U2NET\Data\images\People_15.jpg,D:\git ex\DA\RMBG-U2NET\Data\masks\People_15.png
People_150.jpg,People,D:\git ex\DA\RMBG-U2NET\Data\images\People_150.jpg,D:\git ex\DA\RMBG-U2NET\Data\masks\People_150.png
People_151.jpg,People,D:\git ex\DA\RMBG-U2NET\Data\images\People_151.jpg,D:\git ex\DA\RMBG-U2NET\Data\masks\People_151.png
People_152.jpg,People,D:\git ex\DA\RMBG-U2NET\Data\images\People_152.jpg,D:\git ex\DA\RMBG-U2NET\Data\masks\People_152.png
People_153.jpg,People,D:\git ex\DA\RMBG-U2NET\Data\images\People_153.jpg,D:\git ex\DA\RMBG-U2NET\Data\masks\People_153.png
People_154.jpg,People,D:\git ex\DA\RMBG-U2NET\Data\images\People_154.jpg,D:\git ex\DA\RMBG-U2NET\Data\masks\People_154.png
People_155.jpg,People,D:\git ex\DA\RMBG-U2NET\Data\images\People_155.jpg,D:\git ex\DA\RMBG-U2NET\Data\masks\People_155.png
People_156.jpg,People,D:\git ex\DA\RMBG-U2NET\Data\images\People_156.jpg,D:\git ex\DA\RMBG-U2NET\Data\masks\People_156.png
People_157.jpg,People,D:\git ex\DA\RMBG-U2NET\Data\images\People_157.jpg,D:\git ex\DA\RMBG-U2NET\Data\masks\People_157.png
People_158.jpg,People,D:\git ex\DA\RMBG-U2NET\Data\images\People_158.jpg,D:\git ex\DA\RMBG-U2NET\Data\masks\People_158.png
People_159.jpg,People,D:\git ex\DA\RMBG-U2NET\Data\images\People_159.jpg,D:\git ex\DA\RMBG-U2NET\Data\masks\People_159.png
People_16.jpg,People,D:\git ex\DA\RMBG-U2NET\Data\images\People_16.jpg,D:\git ex\DA\RMBG-U2NET\Data\masks\People_16.png
People_160.jpg,People,D:\git ex\DA\RMBG-U2NET\Data\images\People_160.jpg,D:\git ex\DA\RMBG-U2NET\Data\masks\People_160.png
People_161.jpg,People,D:\git ex\DA\RMBG-U2NET\Data\images\People_161.jpg,D:\git ex\DA\RMBG-U2NET\Data\masks\People_161.png
People_162.jpg,People,D:\git ex\DA\RMBG-U2NET\Data\images\People_162.jpg,D:\git ex\DA\RMBG-U2NET\Data\masks\People_162.png
People_163.jpg,People,D:\git ex\DA\RMBG-U2NET\Data\images\People_163.jpg,D:\git ex\DA\RMBG-U2NET\Data\masks\People_163.png
People_164.jpg,People,D:\git ex\DA\RMBG-U2NET\Data\images\People_164.jpg,D:\git ex\DA\RMBG-U2NET\Data\masks\People_164.png
People_165.jpg,People,D:\git ex\DA\RMBG-U2NET\Data\images\People_165.jpg,D:\git ex\DA\RMBG-U2NET\Data\masks\People_165.png
People_166.jpg,People,D:\git ex\DA\RMBG-U2NET\Data\images\People_166.jpg,D:\git ex\DA\RMBG-U2NET\Data\masks\People_166.png
People_167.jpg,People,D:\git ex\DA\RMBG-U2NET\Data\images\People_167.jpg,D:\git ex\DA\RMBG-U2NET\Data\masks\People_167.png
People_168.jpg,People,D:\git ex\DA\RMBG-U2NET\Data\images\People_168.jpg,D:\git ex\DA\RMBG-U2NET\Data\masks\People_168.png
People_169.jpg,People,D:\git ex\DA\RMBG-U2NET\Data\images\People_169.jpg,D:\git ex\DA\RMBG-U2NET\Data\masks\People_169.png
People_17.jpg,People,D:\git ex\DA\RMBG-U2NET\Data\images\People_17.jpg,D:\git ex\DA\RMBG-U2NET\Data\masks\People_17.png
People_170.jpg,People,D:\git ex\DA\RMBG-U2NET\Data\images\People_170.jpg,D:\git ex\DA\RMBG-U2NET\Data\masks\People_170.png
People_171.jpg,People,D:\git ex\DA\RMBG-U2NET\Data\images\People_171.jpg,D:\git ex\DA\RMBG-U2NET\Data\masks\People_171.png
People_172.jpg,People,D:\git ex\DA\RMBG-U2NET\Data\images\People_172.jpg,D:\git ex\DA\RMBG-U2NET\Data\masks\People_172.png
People_173.jpg,People,D:\git ex\DA\RMBG-U2NET\Data\images\People_173.jpg,D:\git ex\DA\RMBG-U2NET\Data\masks\People_173.png
People_174.jpg,People,D:\git ex\DA\RMBG-U2NET\Data\images\People_174.jpg,D:\git ex\DA\RMBG-U2NET\Data\masks\People_174.png
People_175.jpg,People,D:\git ex\DA\RMBG-U2NET\Data\images\People_175.jpg,D:\git ex\DA\RMBG-U2NET\Data\masks\People_175.png
People_176.jpg,People,D:\git ex\DA\RMBG-U2NET\Data\images\People_176.jpg,D:\git ex\DA\RMBG-U2NET\Data\masks\People_176.png
People_177.jpg,People,D:\git ex\DA\RMBG-U2NET\Data\images\People_177.jpg,D:\git ex\DA\RMBG-U2NET\Data\masks\People_177.png
People_178.jpg,People,D:\git ex\DA\RMBG-U2NET\Data\images\People_178.jpg,D:\git ex\DA\RMBG-U2NET\Data\masks\People_178.png
People_179.jpg,People,D:\git ex\DA\RMBG-U2NET\Data\images\People_179.jpg,D:\git ex\DA\RMBG-U2NET\Data\masks\People_179.png
People_18.jpg,People,D:\git ex\DA\RMBG-U2NET\Data\images\People_18.jpg,D:\git ex\DA\RMBG-U2NET\Data\masks\People_18.png
People_180.jpg,People,D:\git ex\DA\RMBG-U2NET\Data\images\People_180.jpg,D:\git ex\DA\RMBG-U2NET\Data\masks\People_180.png
People_181.jpg,People,D:\git ex\DA\RMBG-U2NET\Data\images\People_181.jpg,D:\git ex\DA\RMBG-U2NET\Data\masks\People_181.png
People_182.jpg,People,D:\git ex\DA\RMBG-U2NET\Data\images\People_182.jpg,D:\git ex\DA\RMBG-U2NET\Data\masks\People_182.png
People_183.jpg,People,D:\git ex\DA\RMBG-U2NET\Data\images\People_183.jpg,D:\git ex\DA\RMBG-U2NET\Data\masks\People_183.png
People_184.jpg,People,D:\git ex\DA\RMBG-U2NET\Data\images\People_184.jpg,D:\git ex\DA\RMBG-U2NET\Data\masks\People_184.png
People_185.jpg,People,D:\git ex\DA\RMBG-U2NET\Data\images\People_185.jpg,D:\git ex\DA\RMBG-U2NET\Data\masks\People_185.png
People_186.jpg,People,D:\git ex\DA\RMBG-U2NET\Data\images\People_186.jpg,D:\git ex\DA\RMBG-U2NET\Data\masks\People_186.png
People_187.jpg,People,D:\git ex\DA\RMBG-U2NET\Data\images\People_187.jpg,D:\git ex\DA\RMBG-U2NET\Data\masks\People_187.png
People_188.jpg,People,D:\git ex\DA\RMBG-U2NET\Data\images\People_188.jpg,D:\git ex\DA\RMBG-U2NET\Data\masks\People_188.png
People_189.jpg,People,D:\git ex\DA\RMBG-U2NET\Data\images\People_189.jpg,D:\git ex\DA\RMBG-U2NET\Data\masks\People_189.png
People_19.jpg,People,D:\git ex\DA\RMBG-U2NET\Data\images\People_19.jpg,D:\git ex\DA\RMBG-U2NET\Data\masks\People_19.png
People_190.jpg,People,D:\git ex\DA\RMBG-U2NET\Data\images\People_190.jpg,D:\git ex\DA\RMBG-U2NET\Data\masks\People_190.png
People_191.jpg,People,D:\git ex\DA\RMBG-U2NET\Data\images\People_191.jpg,D:\git ex\DA\RMBG-U2NET\Data\masks\People_191.png
People_192.jpg,People,D:\git ex\DA\RMBG-U2NET\Data\images\People_192.jpg,D:\git ex\DA\RMBG-U2NET\Data\masks\People_192.png
People_193.jpg,People,D:\git ex\DA\RMBG-U2NET\Data\images\People_193.jpg,D:\git ex\DA\RMBG-U2NET\Data\masks\People_193.png
People_194.jpg,People,D:\git ex\DA\RMBG-U2NET\Data\images\People_194.jpg,D:\git ex\DA\RMBG-U2NET\Data\masks\People_194.png
People_195.jpg,People,D:\git ex\DA\RMBG-U2NET\Data\images\People_195.jpg,D:\git ex\DA\RMBG-U2NET\Data\masks\People_195.png
People_196.jpg,People,D:\git ex\DA\RMBG-U2NET\Data\images\People_196.jpg,D:\git ex\DA\RMBG-U2NET\Data\masks\People_196.png
People_197.jpg,People,D:\git ex\DA\RMBG-U2NET\Data\images\People_197.jpg,D:\git ex\DA\RMBG-U2NET\Data\masks\People_197.png
People_198.jpg,People,D:\git ex\DA\RMBG-U2NET\Data\images\People_198.jpg,D:\git ex\DA\RMBG-U2NET\Data\masks\People_198.png
People_199.jpg,People,D:\git ex\DA\RMBG-U2NET\Data\images\People_199.jpg,D:\git ex\DA\RMBG-U2NET\Data\masks\People_199.png
People_2.jpg,People,D:\git ex\DA\RMBG-U2NET\Data\images\People_2.jpg,D:\git ex\DA\RMBG-U2NET\Data\masks\People_2.png
People_20.jpg,People,D:\git ex\DA\RMBG-U2NET\Data\images\People_20.jpg,D:\git ex\DA\RMBG-U2NET\Data\masks\People_20.png
People_200.jpg,People,D:\git ex\DA\RMBG-U2NET\Data\images\People_200.jpg,D:\git ex\DA\RMBG-U2NET\Data\masks\People_200.png
People_201.jpg,People,D:\git ex\DA\RMBG-U2NET\Data\images\People_201.jpg,D:\git ex\DA\RMBG-U2NET\Data\masks\People_201.png
People_202.jpg,People,D:\git ex\DA\RMBG-U2NET\Data\images\People_202.jpg,D:\git ex\DA\RMBG-U2NET\Data\masks\People_202.png
People_203.jpg,People,D:\git ex\DA\RMBG-U2NET\Data\images\People_203.jpg,D:\git ex\DA\RMBG-U2NET\Data\masks\People_203.png
People_204.jpg,People,D:\git ex\DA\RMBG-U2NET\Data\images\People_204.jpg,D:\git ex\DA\RMBG-U2NET\Data\masks\People_204.png
People_205.jpg,People,D:\git ex\DA\RMBG-U2NET\Data\images\People_205.jpg,D:\git ex\DA\RMBG-U2NET\Data\masks\People_205.png
People_206.jpg,People,D:\git ex\DA\RMBG-U2NET\Data\images\People_206.jpg,D:\git ex\DA\RMBG-U2NET\Data\masks\People_206.png
People_207.jpg,People,D:\git ex\DA\RMBG-U2NET\Data\images\People_207.jpg,D:\git ex\DA\RMBG-U2NET\Data\masks\People_207.png
People_208.jpg,People,D:\git ex\DA\RMBG-U2NET\Data\images\People_208.jpg,D:\git ex\DA\RMBG-U2NET\Data\masks\People_208.png
People_209.jpg,People,D:\git ex\DA\RMBG-U2NET\Data\images\People_209.jpg,D:\git ex\DA\RMBG-U2NET\Data\masks\People_209.png
People_21.jpg,People,D:\git ex\DA\RMBG-U2NET\Data\images\People_21.jpg,D:\git ex\DA\RMBG-U2NET\Data\masks\People_21.png
People_210.jpg,People,D:\git ex\DA\RMBG-U2NET\Data\images\People_210.jpg,D:\git ex\DA\RMBG-U2NET\Data\masks\People_210.png
People_211.jpg,People,D:\git ex\DA\RMBG-U2NET\Data\images\People_211.jpg,D:\git ex\DA\RMBG-U2NET\Data\masks\People_211.png
People_212.jpg,People,D:\git ex\DA\RMBG-U2NET\Data\images\People_212.jpg,D:\git ex\DA\RMBG-U2NET\Data\masks\People_212.png
People_213.jpg,People,D:\git ex\DA\RMBG-U2NET\Data\images\People_213.jpg,D:\git ex\DA\RMBG-U2NET\Data\masks\People_213.png
People_214.jpg,People,D:\git ex\DA\RMBG-U2NET\Data\images\People_214.jpg,D:\git ex\DA\RMBG-U2NET\Data\masks\People_214.png
People_215.jpg,People,D:\git ex\DA\RMBG-U2NET\Data\images\People_215.jpg,D:\git ex\DA\RMBG-U2NET\Data\masks\People_215.png
People_216.jpg,People,D:\git ex\DA\RMBG-U2NET\Data\images\People_216.jpg,D:\git ex\DA\RMBG-U2NET\Data\masks\People_216.png
People_217.jpg,People,D:\git ex\DA\RMBG-U2NET\Data\images\People_217.jpg,D:\git ex\DA\RMBG-U2NET\Data\masks\People_217.png
People_218.jpg,People,D:\git ex\DA\RMBG-U2NET\Data\images\People_218.jpg,D:\git ex\DA\RMBG-U2NET\Data\masks\People_218.png
People_219.jpg,People,D:\git ex\DA\RMBG-U2NET\Data\images\People_219.jpg,D:\git ex\DA\RMBG-U2NET\Data\masks\People_219.png
People_22.jpg,People,D:\git ex\DA\RMBG-U2NET\Data\images\People_22.jpg,D:\git ex\DA\RMBG-U2NET\Data\masks\People_22.png
People_220.jpg,People,D:\git ex\DA\RMBG-U2NET\Data\images\People_220.jpg,D:\git ex\DA\RMBG-U2NET\Data\masks\People_220.png
People_221.jpg,People,D:\git ex\DA\RMBG-U2NET\Data\images\People_221.jpg,D:\git ex\DA\RMBG-U2NET\Data\masks\People_221.png
People_222.jpg,People,D:\git ex\DA\RMBG-U2NET\Data\images\People_222.jpg,D:\git ex\DA\RMBG-U2NET\Data\masks\People_222.png
People_223.jpg,People,D:\git ex\DA\RMBG-U2NET\Data\images\People_223.jpg,D:\git ex\DA\RMBG-U2NET\Data\masks\People_223.png
People_224.jpg,People,D:\git ex\DA\RMBG-U2NET\Data\images\People_224.jpg,D:\git ex\DA\RMBG-U2NET\Data\masks\People_224.png
People_225.jpg,People,D:\git ex\DA\RMBG-U2NET\Data\images\People_225.jpg,D:\git ex\DA\RMBG-U2NET\Data\masks\People_225.png
People_226.jpg,People,D:\git ex\DA\RMBG-U2NET\Data\images\People_226.jpg,D:\git ex\DA\RMBG-U2NET\Data\masks\People_226.png
People_227.jpg,People,D:\git ex\DA\RMBG-U2NET\Data\images\People_227.jpg,D:\git ex\DA\RMBG-U2NET\Data\masks\People_227.png
People_228.jpg,People,D:\git ex\DA\RMBG-U2NET\Data\images\People_228.jpg,D:\git ex\DA\RMBG-U2NET\Data\masks\People_228.png
People_229.jpg,People,D:\git ex\DA\RMBG-U2NET\Data\images\People_229.jpg,D:\git ex\DA\RMBG-U2NET\Data\masks\People_229.png
People_23.jpg,People,D:\git ex\DA\RMBG-U2NET\Data\images\People_23.jpg,D:\git ex\DA\RMBG-U2NET\Data\masks\People_23.png
People_230.jpg,People,D:\git ex\DA\RMBG-U2NET\Data\images\People_230.jpg,D:\git ex\DA\RMBG-U2NET\Data\masks\People_230.png
People_231.jpg,People,D:\git ex\DA\RMBG-U2NET\Data\images\People_231.jpg,D:\git ex\DA\RMBG-U2NET\Data\masks\People_231.png
People_232.jpg,People,D:\git ex\DA\RMBG-U2NET\Data\images\People_232.jpg,D:\git ex\DA\RMBG-U2NET\Data\masks\People_232.png
People_233.jpg,People,D:\git ex\DA\RMBG-U2NET\Data\images\People_233.jpg,D:\git ex\DA\RMBG-U2NET\Data\masks\People_233.png
People_234.jpg,People,D:\git ex\DA\RMBG-U2NET\Data\images\People_234.jpg,D:\git ex\DA\RMBG-U2NET\Data\masks\People_234.png
People_235.jpg,People,D:\git ex\DA\RMBG-U2NET\Data\images\People_235.jpg,D:\git ex\DA\RMBG-U2NET\Data\masks\People_235.png
People_236.jpg,People,D:\git ex\DA\RMBG-U2NET\Data\images\People_236.jpg,D:\git ex\DA\RMBG-U2NET\Data\masks\People_236.png
People_237.jpg,People,D:\git ex\DA\RMBG-U2NET\Data\images\People_237.jpg,D:\git ex\DA\RMBG-U2NET\Data\masks\People_237.png
People_238.jpg,People,D:\git ex\DA\RMBG-U2NET\Data\images\People_238.jpg,D:\git ex\DA\RMBG-U2NET\Data\masks\People_238.png
People_239.jpg,People,D:\git ex\DA\RMBG-U2NET\Data\images\People_239.jpg,D:\git ex\DA\RMBG-U2NET\Data\masks\People_239.png
People_24.jpg,People,D:\git ex\DA\RMBG-U2NET\Data\images\People_24.jpg,D:\git ex\DA\RMBG-U2NET\Data\masks\People_24.png
People_240.jpg,People,D:\git ex\DA\RMBG-U2NET\Data\images\People_240.jpg,D:\git ex\DA\RMBG-U2NET\Data\masks\People_240.png
People_241.jpg,People,D:\git ex\DA\RMBG-U2NET\Data\images\People_241.jpg,D:\git ex\DA\RMBG-U2NET\Data\masks\People_241.png
People_242.jpg,People,D:\git ex\DA\RMBG-U2NET\Data\images\People_242.jpg,D:\git ex\DA\RMBG-U2NET\Data\masks\People_242.png
People_243.jpg,People,D:\git ex\DA\RMBG-U2NET\Data\images\People_243.jpg,D:\git ex\DA\RMBG-U2NET\Data\masks\People_243.png
People_244.jpg,People,D:\git ex\DA\RMBG-U2NET\Data\images\People_244.jpg,D:\git ex\DA\RMBG-U2NET\Data\masks\People_244.png
People_245.jpg,People,D:\git ex\DA\RMBG-U2NET\Data\images\People_245.jpg,D:\git ex\DA\RMBG-U2NET\Data\masks\People_245.png
People_246.jpg,People,D:\git ex\DA\RMBG-U2NET\Data\images\People_246.jpg,D:\git ex\DA\RMBG-U2NET\Data\masks\People_246.png
People_247.jpg,People,D:\git ex\DA\RMBG-U2NET\Data\images\People_247.jpg,D:\git ex\DA\RMBG-U2NET\Data\masks\People_247.png
People_248.jpg,People,D:\git ex\DA\RMBG-U2NET\Data\images\People_248.jpg,D:\git ex\DA\RMBG-U2NET\Data\masks\People_248.png
People_249.jpg,People,D:\git ex\DA\RMBG-U2NET\Data\images\People_249.jpg,D:\git ex\DA\RMBG-U2NET\Data\masks\People_249.png
People_25.jpg,People,D:\git ex\DA\RMBG-U2NET\Data\images\People_25.jpg,D:\git ex\DA\RMBG-U2NET\Data\masks\People_25.png
People_250.jpg,People,D:\git ex\DA\RMBG-U2NET\Data\images\People_250.jpg,D:\git ex\DA\RMBG-U2NET\Data\masks\People_250.png
People_251.jpg,People,D:\git ex\DA\RMBG-U2NET\Data\images\People_251.jpg,D:\git ex\DA\RMBG-U2NET\Data\masks\People_251.png
People_252.jpg,People,D:\git ex\DA\RMBG-U2NET\Data\images\People_252.jpg,D:\git ex\DA\RMBG-U2NET\Data\masks\People_252.png
People_253.jpg,People,D:\git ex\DA\RMBG-U2NET\Data\images\People_253.jpg,D:\git ex\DA\RMBG-U2NET\Data\masks\People_253.png
People_254.jpg,People,D:\git ex\DA\RMBG-U2NET\Data\images\People_254.jpg,D:\git ex\DA\RMBG-U2NET\Data\masks\People_254.png
People_255.jpg,People,D:\git ex\DA\RMBG-U2NET\Data\images\People_255.jpg,D:\git ex\DA\RMBG-U2NET\Data\masks\People_255.png
People_256.jpg,People,D:\git ex\DA\RMBG-U2NET\Data\images\People_256.jpg,D:\git ex\DA\RMBG-U2NET\Data\masks\People_256.png
People_257.jpg,People,D:\git ex\DA\RMBG-U2NET\Data\images\People_257.jpg,D:\git ex\DA\RMBG-U2NET\Data\masks\People_257.png
People_258.jpg,People,D:\git ex\DA\RMBG-U2NET\Data\images\People_258.jpg,D:\git ex\DA\RMBG-U2NET\Data\masks\People_258.png
People_259.jpg,People,D:\git ex\DA\RMBG-U2NET\Data\images\People_259.jpg,D:\git ex\DA\RMBG-U2NET\Data\masks\People_259.png
People_26.jpg,People,D:\git ex\DA\RMBG-U2NET\Data\images\People_26.jpg,D:\git ex\DA\RMBG-U2NET\Data\masks\People_26.png
People_260.jpg,People,D:\git ex\DA\RMBG-U2NET\Data\images\People_260.jpg,D:\git ex\DA\RMBG-U2NET\Data\masks\People_260.png
People_261.jpg,People,D:\git ex\DA\RMBG-U2NET\Data\images\People_261.jpg,D:\git ex\DA\RMBG-U2NET\Data\masks\People_261.png
People_262.jpg,People,D:\git ex\DA\RMBG-U2NET\Data\images\People_262.jpg,D:\git ex\DA\RMBG-U2NET\Data\masks\People_262.png
People_263.jpg,People,D:\git ex\DA\RMBG-U2NET\Data\images\People_263.jpg,D:\git ex\DA\RMBG-U2NET\Data\masks\People_263.png
People_264.jpg,People,D:\git ex\DA\RMBG-U2NET\Data\images\People_264.jpg,D:\git ex\DA\RMBG-U2NET\Data\masks\People_264.png
People_265.jpg,People,D:\git ex\DA\RMBG-U2NET\Data\images\People_265.jpg,D:\git ex\DA\RMBG-U2NET\Data\masks\People_265.png
People_266.jpg,People,D:\git ex\DA\RMBG-U2NET\Data\images\People_266.jpg,D:\git ex\DA\RMBG-U2NET\Data\masks\People_266.png
People_267.jpg,People,D:\git ex\DA\RMBG-U2NET\Data\images\People_267.jpg,D:\git ex\DA\RMBG-U2NET\Data\masks\People_267.png
People_268.jpg,People,D:\git ex\DA\RMBG-U2NET\Data\images\People_268.jpg,D:\git ex\DA\RMBG-U2NET\Data\masks\People_268.png
People_269.jpg,People,D:\git ex\DA\RMBG-U2NET\Data\images\People_269.jpg,D:\git ex\DA\RMBG-U2NET\Data\masks\People_269.png
People_27.jpg,People,D:\git ex\DA\RMBG-U2NET\Data\images\People_27.jpg,D:\git ex\DA\RMBG-U2NET\Data\masks\People_27.png
People_270.jpg,People,D:\git ex\DA\RMBG-U2NET\Data\images\People_270.jpg,D:\git ex\DA\RMBG-U2NET\Data\masks\People_270.png
People_271.jpg,People,D:\git ex\DA\RMBG-U2NET\Data\images\People_271.jpg,D:\git ex\DA\RMBG-U2NET\Data\masks\People_271.png
People_272.jpg,People,D:\git ex\DA\RMBG-U2NET\Data\images\People_272.jpg,D:\git ex\DA\RMBG-U2NET\Data\masks\People_272.png
People_273.jpg,People,D:\git ex\DA\RMBG-U2NET\Data\images\People_273.jpg,D:\git ex\DA\RMBG-U2NET\Data\masks\People_273.png
People_274.jpg,People,D:\git ex\DA\RMBG-U2NET\Data\images\People_274.jpg,D:\git ex\DA\RMBG-U2NET\Data\masks\People_274.png
People_275.jpg,People,D:\git ex\DA\RMBG-U2NET\Data\images\People_275.jpg,D:\git ex\DA\RMBG-U2NET\Data\masks\People_275.png
People_276.jpg,People,D:\git ex\DA\RMBG-U2NET\Data\images\People_276.jpg,D:\git ex\DA\RMBG-U2NET\Data\masks\People_276.png
People_277.jpg,People,D:\git ex\DA\RMBG-U2NET\Data\images\People_277.jpg,D:\git ex\DA\RMBG-U2NET\Data\masks\People_277.png
People_278.jpg,People,D:\git ex\DA\RMBG-U2NET\Data\images\People_278.jpg,D:\git ex\DA\RMBG-U2NET\Data\masks\People_278.png
People_279.jpg,People,D:\git ex\DA\RMBG-U2NET\Data\images\People_279.jpg,D:\git ex\DA\RMBG-U2NET\Data\masks\People_279.png
People_28.jpg,People,D:\git ex\DA\RMBG-U2NET\Data\images\People_28.jpg,D:\git ex\DA\RMBG-U2NET\Data\masks\People_28.png
People_280.jpg,People,D:\git ex\DA\RMBG-U2NET\Data\images\People_280.jpg,D:\git ex\DA\RMBG-U2NET\Data\masks\People_280.png
People_281.jpg,People,D:\git ex\DA\RMBG-U2NET\Data\images\People_281.jpg,D:\git ex\DA\RMBG-U2NET\Data\masks\People_281.png
People_282.jpg,People,D:\git ex\DA\RMBG-U2NET\Data\images\People_282.jpg,D:\git ex\DA\RMBG-U2NET\Data\masks\People_282.png
People_283.jpg,People,D:\git ex\DA\RMBG-U2NET\Data\images\People_283.jpg,D:\git ex\DA\RMBG-U2NET\Data\masks\People_283.png
People_284.jpg,People,D:\git ex\DA\RMBG-U2NET\Data\images\People_284.jpg,D:\git ex\DA\RMBG-U2NET\Data\masks\People_284.png
People_285.jpg,People,D:\git ex\DA\RMBG-U2NET\Data\images\People_285.jpg,D:\git ex\DA\RMBG-U2NET\Data\masks\People_285.png
People_286.jpg,People,D:\git ex\DA\RMBG-U2NET\Data\images\People_286.jpg,D:\git ex\DA\RMBG-U2NET\Data\masks\People_286.png
People_287.jpg,People,D:\git ex\DA\RMBG-U2NET\Data\images\People_287.jpg,D:\git ex\DA\RMBG-U2NET\Data\masks\People_287.png
People_288.jpg,People,D:\git ex\DA\RMBG-U2NET\Data\images\People_288.jpg,D:\git ex\DA\RMBG-U2NET\Data\masks\People_288.png
People_289.jpg,People,D:\git ex\DA\RMBG-U2NET\Data\images\People_289.jpg,D:\git ex\DA\RMBG-U2NET\Data\masks\People_289.png
People_29.jpg,People,D:\git ex\DA\RMBG-U2NET\Data\images\People_29.jpg,D:\git ex\DA\RMBG-U2NET\Data\masks\People_29.png
People_290.jpg,People,D:\git ex\DA\RMBG-U2NET\Data\images\People_290.jpg,D:\git ex\DA\RMBG-U2NET\Data\masks\People_290.png
People_291.jpg,People,D:\git ex\DA\RMBG-U2NET\Data\images\People_291.jpg,D:\git ex\DA\RMBG-U2NET\Data\masks\People_291.png
People_292.jpg,People,D:\git ex\DA\RMBG-U2NET\Data\images\People_292.jpg,D:\git ex\DA\RMBG-U2NET\Data\masks\People_292.png
People_293.jpg,People,D:\git ex\DA\RMBG-U2NET\Data\images\People_293.jpg,D:\git ex\DA\RMBG-U2NET\Data\masks\People_293.png
People_294.jpg,People,D:\git ex\DA\RMBG-U2NET\Data\images\People_294.jpg,D:\git ex\DA\RMBG-U2NET\Data\masks\People_294.png
People_295.jpg,People,D:\git ex\DA\RMBG-U2NET\Data\images\People_295.jpg,D:\git ex\DA\RMBG-U2NET\Data\masks\People_295.png
People_296.jpg,People,D:\git ex\DA\RMBG-U2NET\Data\images\People_296.jpg,D:\git ex\DA\RMBG-U2NET\Data\masks\People_296.png
People_297.jpg,People,D:\git ex\DA\RMBG-U2NET\Data\images\People_297.jpg,D:\git ex\DA\RMBG-U2NET\Data\masks\People_297.png
People_298.jpg,People,D:\git ex\DA\RMBG-U2NET\Data\images\People_298.jpg,D:\git ex\DA\RMBG-U2NET\Data\masks\People_298.png
People_299.jpg,People,D:\git ex\DA\RMBG-U2NET\Data\images\People_299.jpg,D:\git ex\DA\RMBG-U2NET\Data\masks\People_299.png
People_3.jpg,People,D:\git ex\DA\RMBG-U2NET\Data\images\People_3.jpg,D:\git ex\DA\RMBG-U2NET\Data\masks\People_3.png
People_30.jpg,People,D:\git ex\DA\RMBG-U2NET\Data\images\People_30.jpg,D:\git ex\DA\RMBG-U2NET\Data\masks\People_30.png
People_300.jpg,People,D:\git ex\DA\RMBG-U2NET\Data\images\People_300.jpg,D:\git ex\DA\RMBG-U2NET\Data\masks\People_300.png
People_301.jpg,People,D:\git ex\DA\RMBG-U2NET\Data\images\People_301.jpg,D:\git ex\DA\RMBG-U2NET\Data\masks\People_301.png
People_302.jpg,People,D:\git ex\DA\RMBG-U2NET\Data\images\People_302.jpg,D:\git ex\DA\RMBG-U2NET\Data\masks\People_302.png
People_303.jpg,People,D:\git ex\DA\RMBG-U2NET\Data\images\People_303.jpg,D:\git ex\DA\RMBG-U2NET\Data\masks\People_303.png
People_304.jpg,People,D:\git ex\DA\RMBG-U2NET\Data\images\People_304.jpg,D:\git ex\DA\RMBG-U2NET\Data\masks\People_304.png
People_305.jpg,People,D:\git ex\DA\RMBG-U2NET\Data\images\People_305.jpg,D:\git ex\DA\RMBG-U2NET\Data\masks\People_305.png
People_306.jpg,People,D:\git ex\DA\RMBG-U2NET\Data\images\People_306.jpg,D:\git ex\DA\RMBG-U2NET\Data\masks\People_306.png
People_307.jpg,People,D:\git ex\DA\RMBG-U2NET\Data\images\People_307.jpg,D:\git ex\DA\RMBG-U2NET\Data\masks\People_307.png
People_308.jpg,People,D:\git ex\DA\RMBG-U2NET\Data\images\People_308.jpg,D:\git ex\DA\RMBG-U2NET\Data\masks\People_308.png
People_309.jpg,People,D:\git ex\DA\RMBG-U2NET\Data\images\People_309.jpg,D:\git ex\DA\RMBG-U2NET\Data\masks\People_309.png
People_31.jpg,People,D:\git ex\DA\RMBG-U2NET\Data\images\People_31.jpg,D:\git ex\DA\RMBG-U2NET\Data\masks\People_31.png
People_310.jpg,People,D:\git ex\DA\RMBG-U2NET\Data\images\People_310.jpg,D:\git ex\DA\RMBG-U2NET\Data\masks\People_310.png
People_311.jpg,People,D:\git ex\DA\RMBG-U2NET\Data\images\People_311.jpg,D:\git ex\DA\RMBG-U2NET\Data\masks\People_311.png
People_312.jpg,People,D:\git ex\DA\RMBG-U2NET\Data\images\People_312.jpg,D:\git ex\DA\RMBG-U2NET\Data\masks\People_312.png
People_313.jpg,People,D:\git ex\DA\RMBG-U2NET\Data\images\People_313.jpg,D:\git ex\DA\RMBG-U2NET\Data\masks\People_313.png
People_314.jpg,People,D:\git ex\DA\RMBG-U2NET\Data\images\People_314.jpg,D:\git ex\DA\RMBG-U2NET\Data\masks\People_314.png
People_315.jpg,People,D:\git ex\DA\RMBG-U2NET\Data\images\People_315.jpg,D:\git ex\DA\RMBG-U2NET\Data\masks\People_315.png
People_316.jpg,People,D:\git ex\DA\RMBG-U2NET\Data\images\People_316.jpg,D:\git ex\DA\RMBG-U2NET\Data\masks\People_316.png
People_317.jpg,People,D:\git ex\DA\RMBG-U2NET\Data\images\People_317.jpg,D:\git ex\DA\RMBG-U2NET\Data\masks\People_317.png
People_318.jpg,People,D:\git ex\DA\RMBG-U2NET\Data\images\People_318.jpg,D:\git ex\DA\RMBG-U2NET\Data\masks\People_318.png
People_319.jpg,People,D:\git ex\DA\RMBG-U2NET\Data\images\People_319.jpg,D:\git ex\DA\RMBG-U2NET\Data\masks\People_319.png
People_32.jpg,People,D:\git ex\DA\RMBG-U2NET\Data\images\People_32.jpg,D:\git ex\DA\RMBG-U2NET\Data\masks\People_32.png
People_320.jpg,People,D:\git ex\DA\RMBG-U2NET\Data\images\People_320.jpg,D:\git ex\DA\RMBG-U2NET\Data\masks\People_320.png
People_321.jpg,People,D:\git ex\DA\RMBG-U2NET\Data\images\People_321.jpg,D:\git ex\DA\RMBG-U2NET\Data\masks\People_321.png
People_322.jpg,People,D:\git ex\DA\RMBG-U2NET\Data\images\People_322.jpg,D:\git ex\DA\RMBG-U2NET\Data\masks\People_322.png
People_323.jpg,People,D:\git ex\DA\RMBG-U2NET\Data\images\People_323.jpg,D:\git ex\DA\RMBG-U2NET\Data\masks\People_323.png
People_324.jpg,People,D:\git ex\DA\RMBG-U2NET\Data\images\People_324.jpg,D:\git ex\DA\RMBG-U2NET\Data\masks\People_324.png
People_325.jpg,People,D:\git ex\DA\RMBG-U2NET\Data\images\People_325.jpg,D:\git ex\DA\RMBG-U2NET\Data\masks\People_325.png
People_326.jpg,People,D:\git ex\DA\RMBG-U2NET\Data\images\People_326.jpg,D:\git ex\DA\RMBG-U2NET\Data\masks\People_326.png
People_327.jpg,People,D:\git ex\DA\RMBG-U2NET\Data\images\People_327.jpg,D:\git ex\DA\RMBG-U2NET\Data\masks\People_327.png
People_328.jpg,People,D:\git ex\DA\RMBG-U2NET\Data\images\People_328.jpg,D:\git ex\DA\RMBG-U2NET\Data\masks\People_328.png
People_329.jpg,People,D:\git ex\DA\RMBG-U2NET\Data\images\People_329.jpg,D:\git ex\DA\RMBG-U2NET\Data\masks\People_329.png
People_33.jpg,People,D:\git ex\DA\RMBG-U2NET\Data\images\People_33.jpg,D:\git ex\DA\RMBG-U2NET\Data\masks\People_33.png
People_330.jpg,People,D:\git ex\DA\RMBG-U2NET\Data\images\People_330.jpg,D:\git ex\DA\RMBG-U2NET\Data\masks\People_330.png
People_331.jpg,People,D:\git ex\DA\RMBG-U2NET\Data\images\People_331.jpg,D:\git ex\DA\RMBG-U2NET\Data\masks\People_331.png
People_332.jpg,People,D:\git ex\DA\RMBG-U2NET\Data\images\People_332.jpg,D:\git ex\DA\RMBG-U2NET\Data\masks\People_332.png
People_333.jpg,People,D:\git ex\DA\RMBG-U2NET\Data\images\People_333.jpg,D:\git ex\DA\RMBG-U2NET\Data\masks\People_333.png
People_334.jpg,People,D:\git ex\DA\RMBG-U2NET\Data\images\People_334.jpg,D:\git ex\DA\RMBG-U2NET\Data\masks\People_334.png
People_335.jpg,People,D:\git ex\DA\RMBG-U2NET\Data\images\People_335.jpg,D:\git ex\DA\RMBG-U2NET\Data\masks\People_335.png
People_336.jpg,People,D:\git ex\DA\RMBG-U2NET\Data\images\People_336.jpg,D:\git ex\DA\RMBG-U2NET\Data\masks\People_336.png
People_337.jpg,People,D:\git ex\DA\RMBG-U2NET\Data\images\People_337.jpg,D:\git ex\DA\RMBG-U2NET\Data\masks\People_337.png
People_338.jpg,People,D:\git ex\DA\RMBG-U2NET\Data\images\People_338.jpg,D:\git ex\DA\RMBG-U2NET\Data\masks\People_338.png
People_339.jpg,People,D:\git ex\DA\RMBG-U2NET\Data\images\People_339.jpg,D:\git ex\DA\RMBG-U2NET\Data\masks\People_339.png
People_34.jpg,People,D:\git ex\DA\RMBG-U2NET\Data\images\People_34.jpg,D:\git ex\DA\RMBG-U2NET\Data\masks\People_34.png
People_340.jpg,People,D:\git ex\DA\RMBG-U2NET\Data\images\People_340.jpg,D:\git ex\DA\RMBG-U2NET\Data\masks\People_340.png
People_341.jpg,People,D:\git ex\DA\RMBG-U2NET\Data\images\People_341.jpg,D:\git ex\DA\RMBG-U2NET\Data\masks\People_341.png
People_342.jpg,People,D:\git ex\DA\RMBG-U2NET\Data\images\People_342.jpg,D:\git ex\DA\RMBG-U2NET\Data\masks\People_342.png
People_343.jpg,People,D:\git ex\DA\RMBG-U2NET\Data\images\People_343.jpg,D:\git ex\DA\RMBG-U2NET\Data\masks\People_343.png
People_344.jpg,People,D:\git ex\DA\RMBG-U2NET\Data\images\People_344.jpg,D:\git ex\DA\RMBG-U2NET\Data\masks\People_344.png
People_345.jpg,People,D:\git ex\DA\RMBG-U2NET\Data\images\People_345.jpg,D:\git ex\DA\RMBG-U2NET\Data\masks\People_345.png
People_346.jpg,People,D:\git ex\DA\RMBG-U2NET\Data\images\People_346.jpg,D:\git ex\DA\RMBG-U2NET\Data\masks\People_346.png
People_347.jpg,People,D:\git ex\DA\RMBG-U2NET\Data\images\People_347.jpg,D:\git ex\DA\RMBG-U2NET\Data\masks\People_347.png
People_348.jpg,People,D:\git ex\DA\RMBG-U2NET\Data\images\People_348.jpg,D:\git ex\DA\RMBG-U2NET\Data\masks\People_348.png
People_349.jpg,People,D:\git ex\DA\RMBG-U2NET\Data\images\People_349.jpg,D:\git ex\DA\RMBG-U2NET\Data\masks\People_349.png
People_35.jpg,People,D:\git ex\DA\RMBG-U2NET\Data\images\People_35.jpg,D:\git ex\DA\RMBG-U2NET\Data\masks\People_35.png
People_350.jpg,People,D:\git ex\DA\RMBG-U2NET\Data\images\People_350.jpg,D:\git ex\DA\RMBG-U2NET\Data\masks\People_350.png
People_351.jpg,People,D:\git ex\DA\RMBG-U2NET\Data\images\People_351.jpg,D:\git ex\DA\RMBG-U2NET\Data\masks\People_351.png
People_352.jpg,People,D:\git ex\DA\RMBG-U2NET\Data\images\People_352.jpg,D:\git ex\DA\RMBG-U2NET\Data\masks\People_352.png
People_353.jpg,People,D:\git ex\DA\RMBG-U2NET\Data\images\People_353.jpg,D:\git ex\DA\RMBG-U2NET\Data\masks\People_353.png
People_354.jpg,People,D:\git ex\DA\RMBG-U2NET\Data\images\People_354.jpg,D:\git ex\DA\RMBG-U2NET\Data\masks\People_354.png
People_355.jpg,People,D:\git ex\DA\RMBG-U2NET\Data\images\People_355.jpg,D:\git ex\DA\RMBG-U2NET\Data\masks\People_355.png
People_356.jpg,People,D:\git ex\DA\RMBG-U2NET\Data\images\People_356.jpg,D:\git ex\DA\RMBG-U2NET\Data\masks\People_356.png
People_357.jpg,People,D:\git ex\DA\RMBG-U2NET\Data\images\People_357.jpg,D:\git ex\DA\RMBG-U2NET\Data\masks\People_357.png
People_358.jpg,People,D:\git ex\DA\RMBG-U2NET\Data\images\People_358.jpg,D:\git ex\DA\RMBG-U2NET\Data\masks\People_358.png
People_359.jpg,People,D:\git ex\DA\RMBG-U2NET\Data\images\People_359.jpg,D:\git ex\DA\RMBG-U2NET\Data\masks\People_359.png
People_36.jpg,People,D:\git ex\DA\RMBG-U2NET\Data\images\People_36.jpg,D:\git ex\DA\RMBG-U2NET\Data\masks\People_36.png
People_360.jpg,People,D:\git ex\DA\RMBG-U2NET\Data\images\People_360.jpg,D:\git ex\DA\RMBG-U2NET\Data\masks\People_360.png
People_361.jpg,People,D:\git ex\DA\RMBG-U2NET\Data\images\People_361.jpg,D:\git ex\DA\RMBG-U2NET\Data\masks\People_361.png
People_362.jpg,People,D:\git ex\DA\RMBG-U2NET\Data\images\People_362.jpg,D:\git ex\DA\RMBG-U2NET\Data\masks\People_362.png
People_363.jpg,People,D:\git ex\DA\RMBG-U2NET\Data\images\People_363.jpg,D:\git ex\DA\RMBG-U2NET\Data\masks\People_363.png
People_364.jpg,People,D:\git ex\DA\RMBG-U2NET\Data\images\People_364.jpg,D:\git ex\DA\RMBG-U2NET\Data\masks\People_364.png
People_365.jpg,People,D:\git ex\DA\RMBG-U2NET\Data\images\People_365.jpg,D:\git ex\DA\RMBG-U2NET\Data\masks\People_365.png
People_366.jpg,People,D:\git ex\DA\RMBG-U2NET\Data\images\People_366.jpg,D:\git ex\DA\RMBG-U2NET\Data\masks\People_366.png
People_367.jpg,People,D:\git ex\DA\RMBG-U2NET\Data\images\People_367.jpg,D:\git ex\DA\RMBG-U2NET\Data\masks\People_367.png
People_368.jpg,People,D:\git ex\DA\RMBG-U2NET\Data\images\People_368.jpg,D:\git ex\DA\RMBG-U2NET\Data\masks\People_368.png
People_369.jpg,People,D:\git ex\DA\RMBG-U2NET\Data\images\People_369.jpg,D:\git ex\DA\RMBG-U2NET\Data\masks\People_369.png
People_37.jpg,People,D:\git ex\DA\RMBG-U2NET\Data\images\People_37.jpg,D:\git ex\DA\RMBG-U2NET\Data\masks\People_37.png
People_370.jpg,People,D:\git ex\DA\RMBG-U2NET\Data\images\People_370.jpg,D:\git ex\DA\RMBG-U2NET\Data\masks\People_370.png
People_371.jpg,People,D:\git ex\DA\RMBG-U2NET\Data\images\People_371.jpg,D:\git ex\DA\RMBG-U2NET\Data\masks\People_371.png
People_372.jpg,People,D:\git ex\DA\RMBG-U2NET\Data\images\People_372.jpg,D:\git ex\DA\RMBG-U2NET\Data\masks\People_372.png
People_373.jpg,People,D:\git ex\DA\RMBG-U2NET\Data\images\People_373.jpg,D:\git ex\DA\RMBG-U2NET\Data\masks\People_373.png
People_374.jpg,People,D:\git ex\DA\RMBG-U2NET\Data\images\People_374.jpg,D:\git ex\DA\RMBG-U2NET\Data\masks\People_374.png
People_375.jpg,People,D:\git ex\DA\RMBG-U2NET\Data\images\People_375.jpg,D:\git ex\DA\RMBG-U2NET\Data\masks\People_375.png
People_376.jpg,People,D:\git ex\DA\RMBG-U2NET\Data\images\People_376.jpg,D:\git ex\DA\RMBG-U2NET\Data\masks\People_376.png
People_377.jpg,People,D:\git ex\DA\RMBG-U2NET\Data\images\People_377.jpg,D:\git ex\DA\RMBG-U2NET\Data\masks\People_377.png
People_378.jpg,People,D:\git ex\DA\RMBG-U2NET\Data\images\People_378.jpg,D:\git ex\DA\RMBG-U2NET\Data\masks\People_378.png
People_379.jpg,People,D:\git ex\DA\RMBG-U2NET\Data\images\People_379.jpg,D:\git ex\DA\RMBG-U2NET\Data\masks\People_379.png
People_38.jpg,People,D:\git ex\DA\RMBG-U2NET\Data\images\People_38.jpg,D:\git ex\DA\RMBG-U2NET\Data\masks\People_38.png
People_380.jpg,People,D:\git ex\DA\RMBG-U2NET\Data\images\People_380.jpg,D:\git ex\DA\RMBG-U2NET\Data\masks\People_380.png
People_381.jpg,People,D:\git ex\DA\RMBG-U2NET\Data\images\People_381.jpg,D:\git ex\DA\RMBG-U2NET\Data\masks\People_381.png
People_382.jpg,People,D:\git ex\DA\RMBG-U2NET\Data\images\People_382.jpg,D:\git ex\DA\RMBG-U2NET\Data\masks\People_382.png
People_383.jpg,People,D:\git ex\DA\RMBG-U2NET\Data\images\People_383.jpg,D:\git ex\DA\RMBG-U2NET\Data\masks\People_383.png
People_384.jpg,People,D:\git ex\DA\RMBG-U2NET\Data\images\People_384.jpg,D:\git ex\DA\RMBG-U2NET\Data\masks\People_384.png
People_385.jpg,People,D:\git ex\DA\RMBG-U2NET\Data\images\People_385.jpg,D:\git ex\DA\RMBG-U2NET\Data\masks\People_385.png
People_386.jpg,People,D:\git ex\DA\RMBG-U2NET\Data\images\People_386.jpg,D:\git ex\DA\RMBG-U2NET\Data\masks\People_386.png
People_387.jpg,People,D:\git ex\DA\RMBG-U2NET\Data\images\People_387.jpg,D:\git ex\DA\RMBG-U2NET\Data\masks\People_387.png
People_388.jpg,People,D:\git ex\DA\RMBG-U2NET\Data\images\People_388.jpg,D:\git ex\DA\RMBG-U2NET\Data\masks\People_388.png
People_389.jpg,People,D:\git ex\DA\RMBG-U2NET\Data\images\People_389.jpg,D:\git ex\DA\RMBG-U2NET\Data\masks\People_389.png
People_39.jpg,People,D:\git ex\DA\RMBG-U2NET\Data\images\People_39.jpg,D:\git ex\DA\RMBG-U2NET\Data\masks\People_39.png
People_390.jpg,People,D:\git ex\DA\RMBG-U2NET\Data\images\People_390.jpg,D:\git ex\DA\RMBG-U2NET\Data\masks\People_390.png
People_391.jpg,People,D:\git ex\DA\RMBG-U2NET\Data\images\People_391.jpg,D:\git ex\DA\RMBG-U2NET\Data\masks\People_391.png
People_392.jpg,People,D:\git ex\DA\RMBG-U2NET\Data\images\People_392.jpg,D:\git ex\DA\RMBG-U2NET\Data\masks\People_392.png
People_393.jpg,People,D:\git ex\DA\RMBG-U2NET\Data\images\People_393.jpg,D:\git ex\DA\RMBG-U2NET\Data\masks\People_393.png
People_394.jpg,People,D:\git ex\DA\RMBG-U2NET\Data\images\People_394.jpg,D:\git ex\DA\RMBG-U2NET\Data\masks\People_394.png
People_395.jpg,People,D:\git ex\DA\RMBG-U2NET\Data\images\People_395.jpg,D:\git ex\DA\RMBG-U2NET\Data\masks\People_395.png
People_396.jpg,People,D:\git ex\DA\RMBG-U2NET\Data\images\People_396.jpg,D:\git ex\DA\RMBG-U2NET\Data\masks\People_396.png
People_397.jpg,People,D:\git ex\DA\RMBG-U2NET\Data\images\People_397.jpg,D:\git ex\DA\RMBG-U2NET\Data\masks\People_397.png
People_398.jpg,People,D:\git ex\DA\RMBG-U2NET\Data\images\People_398.jpg,D:\git ex\DA\RMBG-U2NET\Data\masks\People_398.png
People_399.jpg,People,D:\git ex\DA\RMBG-U2NET\Data\images\People_399.jpg,D:\git ex\DA\RMBG-U2NET\Data\masks\People_399.png
People_4.jpg,People,D:\git ex\DA\RMBG-U2NET\Data\images\People_4.jpg,D:\git ex\DA\RMBG-U2NET\Data\masks\People_4.png
People_40.jpg,People,D:\git ex\DA\RMBG-U2NET\Data\images\People_40.jpg,D:\git ex\DA\RMBG-U2NET\Data\masks\People_40.png
People_400.jpg,People,D:\git ex\DA\RMBG-U2NET\Data\images\People_400.jpg,D:\git ex\DA\RMBG-U2NET\Data\masks\People_400.png
People_401.jpg,People,D:\git ex\DA\RMBG-U2NET\Data\images\People_401.jpg,D:\git ex\DA\RMBG-U2NET\Data\masks\People_401.png
People_402.jpg,People,D:\git ex\DA\RMBG-U2NET\Data\images\People_402.jpg,D:\git ex\DA\RMBG-U2NET\Data\masks\People_402.png
People_403.jpg,People,D:\git ex\DA\RMBG-U2NET\Data\images\People_403.jpg,D:\git ex\DA\RMBG-U2NET\Data\masks\People_403.png
People_404.jpg,People,D:\git ex\DA\RMBG-U2NET\Data\images\People_404.jpg,D:\git ex\DA\RMBG-U2NET\Data\masks\People_404.png
People_405.jpg,People,D:\git ex\DA\RMBG-U2NET\Data\images\People_405.jpg,D:\git ex\DA\RMBG-U2NET\Data\masks\People_405.png
People_406.jpg,People,D:\git ex\DA\RMBG-U2NET\Data\images\People_406.jpg,D:\git ex\DA\RMBG-U2NET\Data\masks\People_406.png
People_407.jpg,People,D:\git ex\DA\RMBG-U2NET\Data\images\People_407.jpg,D:\git ex\DA\RMBG-U2NET\Data\masks\People_407.png
People_408.jpg,People,D:\git ex\DA\RMBG-U2NET\Data\images\People_408.jpg,D:\git ex\DA\RMBG-U2NET\Data\masks\People_408.png
People_409.jpg,People,D:\git ex\DA\RMBG-U2NET\Data\images\People_409.jpg,D:\git ex\DA\RMBG-U2NET\Data\masks\People_409.png
People_41.jpg,People,D:\git ex\DA\RMBG-U2NET\Data\images\People_41.jpg,D:\git ex\DA\RMBG-U2NET\Data\masks\People_41.png
People_410.jpg,People,D:\git ex\DA\RMBG-U2NET\Data\images\People_410.jpg,D:\git ex\DA\RMBG-U2NET\Data\masks\People_410.png
People_411.jpg,People,D:\git ex\DA\RMBG-U2NET\Data\images\People_411.jpg,D:\git ex\DA\RMBG-U2NET\Data\masks\People_411.png
People_412.jpg,People,D:\git ex\DA\RMBG-U2NET\Data\images\People_412.jpg,D:\git ex\DA\RMBG-U2NET\Data\masks\People_412.png
People_413.jpg,People,D:\git ex\DA\RMBG-U2NET\Data\images\People_413.jpg,D:\git ex\DA\RMBG-U2NET\Data\masks\People_413.png
People_414.jpg,People,D:\git ex\DA\RMBG-U2NET\Data\images\People_414.jpg,D:\git ex\DA\RMBG-U2NET\Data\masks\People_414.png
People_415.jpg,People,D:\git ex\DA\RMBG-U2NET\Data\images\People_415.jpg,D:\git ex\DA\RMBG-U2NET\Data\masks\People_415.png
People_416.jpg,People,D:\git ex\DA\RMBG-U2NET\Data\images\People_416.jpg,D:\git ex\DA\RMBG-U2NET\Data\masks\People_416.png
People_417.jpg,People,D:\git ex\DA\RMBG-U2NET\Data\images\People_417.jpg,D:\git ex\DA\RMBG-U2NET\Data\masks\People_417.png
People_418.jpg,People,D:\git ex\DA\RMBG-U2NET\Data\images\People_418.jpg,D:\git ex\DA\RMBG-U2NET\Data\masks\People_418.png
People_419.jpg,People,D:\git ex\DA\RMBG-U2NET\Data\images\People_419.jpg,D:\git ex\DA\RMBG-U2NET\Data\masks\People_419.png
People_42.jpg,People,D:\git ex\DA\RMBG-U2NET\Data\images\People_42.jpg,D:\git ex\DA\RMBG-U2NET\Data\masks\People_42.png
People_420.jpg,People,D:\git ex\DA\RMBG-U2NET\Data\images\People_420.jpg,D:\git ex\DA\RMBG-U2NET\Data\masks\People_420.png
People_421.jpg,People,D:\git ex\DA\RMBG-U2NET\Data\images\People_421.jpg,D:\git ex\DA\RMBG-U2NET\Data\masks\People_421.png
People_422.jpg,People,D:\git ex\DA\RMBG-U2NET\Data\images\People_422.jpg,D:\git ex\DA\RMBG-U2NET\Data\masks\People_422.png
People_423.jpg,People,D:\git ex\DA\RMBG-U2NET\Data\images\People_423.jpg,D:\git ex\DA\RMBG-U2NET\Data\masks\People_423.png
People_424.jpg,People,D:\git ex\DA\RMBG-U2NET\Data\images\People_424.jpg,D:\git ex\DA\RMBG-U2NET\Data\masks\People_424.png
People_425.jpg,People,D:\git ex\DA\RMBG-U2NET\Data\images\People_425.jpg,D:\git ex\DA\RMBG-U2NET\Data\masks\People_425.png
People_426.jpg,People,D:\git ex\DA\RMBG-U2NET\Data\images\People_426.jpg,D:\git ex\DA\RMBG-U2NET\Data\masks\People_426.png
People_427.jpg,People,D:\git ex\DA\RMBG-U2NET\Data\images\People_427.jpg,D:\git ex\DA\RMBG-U2NET\Data\masks\People_427.png
People_428.jpg,People,D:\git ex\DA\RMBG-U2NET\Data\images\People_428.jpg,D:\git ex\DA\RMBG-U2NET\Data\masks\People_428.png
People_429.jpg,People,D:\git ex\DA\RMBG-U2NET\Data\images\People_429.jpg,D:\git ex\DA\RMBG-U2NET\Data\masks\People_429.png
People_43.jpg,People,D:\git ex\DA\RMBG-U2NET\Data\images\People_43.jpg,D:\git ex\DA\RMBG-U2NET\Data\masks\People_43.png
People_430.jpg,People,D:\git ex\DA\RMBG-U2NET\Data\images\People_430.jpg,D:\git ex\DA\RMBG-U2NET\Data\masks\People_430.png
People_431.jpg,People,D:\git ex\DA\RMBG-U2NET\Data\images\People_431.jpg,D:\git ex\DA\RMBG-U2NET\Data\masks\People_431.png
People_432.jpg,People,D:\git ex\DA\RMBG-U2NET\Data\images\People_432.jpg,D:\git ex\DA\RMBG-U2NET\Data\masks\People_432.png
People_433.jpg,People,D:\git ex\DA\RMBG-U2NET\Data\images\People_433.jpg,D:\git ex\DA\RMBG-U2NET\Data\masks\People_433.png
People_434.jpg,People,D:\git ex\DA\RMBG-U2NET\Data\images\People_434.jpg,D:\git ex\DA\RMBG-U2NET\Data\masks\People_434.png
People_435.jpg,People,D:\git ex\DA\RMBG-U2NET\Data\images\People_435.jpg,D:\git ex\DA\RMBG-U2NET\Data\masks\People_435.png
People_436.jpg,People,D:\git ex\DA\RMBG-U2NET\Data\images\People_436.jpg,D:\git ex\DA\RMBG-U2NET\Data\masks\People_436.png
People_437.jpg,People,D:\git ex\DA\RMBG-U2NET\Data\images\People_437.jpg,D:\git ex\DA\RMBG-U2NET\Data\masks\People_437.png
People_438.jpg,People,D:\git ex\DA\RMBG-U2NET\Data\images\People_438.jpg,D:\git ex\DA\RMBG-U2NET\Data\masks\People_438.png
People_439.jpg,People,D:\git ex\DA\RMBG-U2NET\Data\images\People_439.jpg,D:\git ex\DA\RMBG-U2NET\Data\masks\People_439.png
People_44.jpg,People,D:\git ex\DA\RMBG-U2NET\Data\images\People_44.jpg,D:\git ex\DA\RMBG-U2NET\Data\masks\People_44.png
People_440.jpg,People,D:\git ex\DA\RMBG-U2NET\Data\images\People_440.jpg,D:\git ex\DA\RMBG-U2NET\Data\masks\People_440.png
People_441.jpg,People,D:\git ex\DA\RMBG-U2NET\Data\images\People_441.jpg,D:\git ex\DA\RMBG-U2NET\Data\masks\People_441.png
People_442.jpg,People,D:\git ex\DA\RMBG-U2NET\Data\images\People_442.jpg,D:\git ex\DA\RMBG-U2NET\Data\masks\People_442.png
People_443.jpg,People,D:\git ex\DA\RMBG-U2NET\Data\images\People_443.jpg,D:\git ex\DA\RMBG-U2NET\Data\masks\People_443.png
People_444.jpg,People,D:\git ex\DA\RMBG-U2NET\Data\images\People_444.jpg,D:\git ex\DA\RMBG-U2NET\Data\masks\People_444.png
People_445.jpg,People,D:\git ex\DA\RMBG-U2NET\Data\images\People_445.jpg,D:\git ex\DA\RMBG-U2NET\Data\masks\People_445.png
People_446.jpg,People,D:\git ex\DA\RMBG-U2NET\Data\images\People_446.jpg,D:\git ex\DA\RMBG-U2NET\Data\masks\People_446.png
People_447.jpg,People,D:\git ex\DA\RMBG-U2NET\Data\images\People_447.jpg,D:\git ex\DA\RMBG-U2NET\Data\masks\People_447.png
People_448.jpg,People,D:\git ex\DA\RMBG-U2NET\Data\images\People_448.jpg,D:\git ex\DA\RMBG-U2NET\Data\masks\People_448.png
People_449.jpg,People,D:\git ex\DA\RMBG-U2NET\Data\images\People_449.jpg,D:\git ex\DA\RMBG-U2NET\Data\masks\People_449.png
People_45.jpg,People,D:\git ex\DA\RMBG-U2NET\Data\images\People_45.jpg,D:\git ex\DA\RMBG-U2NET\Data\masks\People_45.png
People_450.jpg,People,D:\git ex\DA\RMBG-U2NET\Data\images\People_450.jpg,D:\git ex\DA\RMBG-U2NET\Data\masks\People_450.png
People_451.jpg,People,D:\git ex\DA\RMBG-U2NET\Data\images\People_451.jpg,D:\git ex\DA\RMBG-U2NET\Data\masks\People_451.png
People_452.jpg,People,D:\git ex\DA\RMBG-U2NET\Data\images\People_452.jpg,D:\git ex\DA\RMBG-U2NET\Data\masks\People_452.png
People_453.jpg,People,D:\git ex\DA\RMBG-U2NET\Data\images\People_453.jpg,D:\git ex\DA\RMBG-U2NET\Data\masks\People_453.png
People_454.jpg,People,D:\git ex\DA\RMBG-U2NET\Data\images\People_454.jpg,D:\git ex\DA\RMBG-U2NET\Data\masks\People_454.png
People_455.jpg,People,D:\git ex\DA\RMBG-U2NET\Data\images\People_455.jpg,D:\git ex\DA\RMBG-U2NET\Data\masks\People_455.png
People_456.jpg,People,D:\git ex\DA\RMBG-U2NET\Data\images\People_456.jpg,D:\git ex\DA\RMBG-U2NET\Data\masks\People_456.png
People_457.jpg,People,D:\git ex\DA\RMBG-U2NET\Data\images\People_457.jpg,D:\git ex\DA\RMBG-U2NET\Data\masks\People_457.png
People_458.jpg,People,D:\git ex\DA\RMBG-U2NET\Data\images\People_458.jpg,D:\git ex\DA\RMBG-U2NET\Data\masks\People_458.png
People_459.jpg,People,D:\git ex\DA\RMBG-U2NET\Data\images\People_459.jpg,D:\git ex\DA\RMBG-U2NET\Data\masks\People_459.png
People_46.jpg,People,D:\git ex\DA\RMBG-U2NET\Data\images\People_46.jpg,D:\git ex\DA\RMBG-U2NET\Data\masks\People_46.png
People_460.jpg,People,D:\git ex\DA\RMBG-U2NET\Data\images\People_460.jpg,D:\git ex\DA\RMBG-U2NET\Data\masks\People_460.png
People_461.jpg,People,D:\git ex\DA\RMBG-U2NET\Data\images\People_461.jpg,D:\git ex\DA\RMBG-U2NET\Data\masks\People_461.png
People_462.jpg,People,D:\git ex\DA\RMBG-U2NET\Data\images\People_462.jpg,D:\git ex\DA\RMBG-U2NET\Data\masks\People_462.png
People_463.jpg,People,D:\git ex\DA\RMBG-U2NET\Data\images\People_463.jpg,D:\git ex\DA\RMBG-U2NET\Data\masks\People_463.png
People_464.jpg,People,D:\git ex\DA\RMBG-U2NET\Data\images\People_464.jpg,D:\git ex\DA\RMBG-U2NET\Data\masks\People_464.png
People_465.jpg,People,D:\git ex\DA\RMBG-U2NET\Data\images\People_465.jpg,D:\git ex\DA\RMBG-U2NET\Data\masks\People_465.png
People_466.jpg,People,D:\git ex\DA\RMBG-U2NET\Data\images\People_466.jpg,D:\git ex\DA\RMBG-U2NET\Data\masks\People_466.png
People_467.jpg,People,D:\git ex\DA\RMBG-U2NET\Data\images\People_467.jpg,D:\git ex\DA\RMBG-U2NET\Data\masks\People_467.png
People_468.jpg,People,D:\git ex\DA\RMBG-U2NET\Data\images\People_468.jpg,D:\git ex\DA\RMBG-U2NET\Data\masks\People_468.png
People_469.jpg,People,D:\git ex\DA\RMBG-U2NET\Data\images\People_469.jpg,D:\git ex\DA\RMBG-U2NET\Data\masks\People_469.png
People_47.jpg,People,D:\git ex\DA\RMBG-U2NET\Data\images\People_47.jpg,D:\git ex\DA\RMBG-U2NET\Data\masks\People_47.png
People_470.jpg,People,D:\git ex\DA\RMBG-U2NET\Data\images\People_470.jpg,D:\git ex\DA\RMBG-U2NET\Data\masks\People_470.png
People_471.jpg,People,D:\git ex\DA\RMBG-U2NET\Data\images\People_471.jpg,D:\git ex\DA\RMBG-U2NET\Data\masks\People_471.png
People_472.jpg,People,D:\git ex\DA\RMBG-U2NET\Data\images\People_472.jpg,D:\git ex\DA\RMBG-U2NET\Data\masks\People_472.png
People_473.jpg,People,D:\git ex\DA\RMBG-U2NET\Data\images\People_473.jpg,D:\git ex\DA\RMBG-U2NET\Data\masks\People_473.png
People_474.jpg,People,D:\git ex\DA\RMBG-U2NET\Data\images\People_474.jpg,D:\git ex\DA\RMBG-U2NET\Data\masks\People_474.png
People_475.jpg,People,D:\git ex\DA\RMBG-U2NET\Data\images\People_475.jpg,D:\git ex\DA\RMBG-U2NET\Data\masks\People_475.png
People_476.jpg,People,D:\git ex\DA\RMBG-U2NET\Data\images\People_476.jpg,D:\git ex\DA\RMBG-U2NET\Data\masks\People_476.png
People_477.jpg,People,D:\git ex\DA\RMBG-U2NET\Data\images\People_477.jpg,D:\git ex\DA\RMBG-U2NET\Data\masks\People_477.png
People_478.jpg,People,D:\git ex\DA\RMBG-U2NET\Data\images\People_478.jpg,D:\git ex\DA\RMBG-U2NET\Data\masks\People_478.png
People_479.jpg,People,D:\git ex\DA\RMBG-U2NET\Data\images\People_479.jpg,D:\git ex\DA\RMBG-U2NET\Data\masks\People_479.png
People_48.jpg,People,D:\git ex\DA\RMBG-U2NET\Data\images\People_48.jpg,D:\git ex\DA\RMBG-U2NET\Data\masks\People_48.png
People_480.jpg,People,D:\git ex\DA\RMBG-U2NET\Data\images\People_480.jpg,D:\git ex\DA\RMBG-U2NET\Data\masks\People_480.png
People_481.jpg,People,D:\git ex\DA\RMBG-U2NET\Data\images\People_481.jpg,D:\git ex\DA\RMBG-U2NET\Data\masks\People_481.png
People_482.jpg,People,D:\git ex\DA\RMBG-U2NET\Data\images\People_482.jpg,D:\git ex\DA\RMBG-U2NET\Data\masks\People_482.png
People_483.jpg,People,D:\git ex\DA\RMBG-U2NET\Data\images\People_483.jpg,D:\git ex\DA\RMBG-U2NET\Data\masks\People_483.png
People_484.jpg,People,D:\git ex\DA\RMBG-U2NET\Data\images\People_484.jpg,D:\git ex\DA\RMBG-U2NET\Data\masks\People_484.png
People_485.jpg,People,D:\git ex\DA\RMBG-U2NET\Data\images\People_485.jpg,D:\git ex\DA\RMBG-U2NET\Data\masks\People_485.png
People_486.jpg,People,D:\git ex\DA\RMBG-U2NET\Data\images\People_486.jpg,D:\git ex\DA\RMBG-U2NET\Data\masks\People_486.png
People_487.jpg,People,D:\git ex\DA\RMBG-U2NET\Data\images\People_487.jpg,D:\git ex\DA\RMBG-U2NET\Data\masks\People_487.png
People_488.jpg,People,D:\git ex\DA\RMBG-U2NET\Data\images\People_488.jpg,D:\git ex\DA\RMBG-U2NET\Data\masks\People_488.png
People_489.jpg,People,D:\git ex\DA\RMBG-U2NET\Data\images\People_489.jpg,D:\git ex\DA\RMBG-U2NET\Data\masks\People_489.png
People_49.jpg,People,D:\git ex\DA\RMBG-U2NET\Data\images\People_49.jpg,D:\git ex\DA\RMBG-U2NET\Data\masks\People_49.png
People_490.jpg,People,D:\git ex\DA\RMBG-U2NET\Data\images\People_490.jpg,D:\git ex\DA\RMBG-U2NET\Data\masks\People_490.png
People_491.jpg,People,D:\git ex\DA\RMBG-U2NET\Data\images\People_491.jpg,D:\git ex\DA\RMBG-U2NET\Data\masks\People_491.png
People_492.jpg,People,D:\git ex\DA\RMBG-U2NET\Data\images\People_492.jpg,D:\git ex\DA\RMBG-U2NET\Data\masks\People_492.png
People_493.jpg,People,D:\git ex\DA\RMBG-U2NET\Data\images\People_493.jpg,D:\git ex\DA\RMBG-U2NET\Data\masks\People_493.png
People_494.jpg,People,D:\git ex\DA\RMBG-U2NET\Data\images\People_494.jpg,D:\git ex\DA\RMBG-U2NET\Data\masks\People_494.png
People_495.jpg,People,D:\git ex\DA\RMBG-U2NET\Data\images\People_495.jpg,D:\git ex\DA\RMBG-U2NET\Data\masks\People_495.png
People_496.jpg,People,D:\git ex\DA\RMBG-U2NET\Data\images\People_496.jpg,D:\git ex\DA\RMBG-U2NET\Data\masks\People_496.png
People_497.jpg,People,D:\git ex\DA\RMBG-U2NET\Data\images\People_497.jpg,D:\git ex\DA\RMBG-U2NET\Data\masks\People_497.png
People_498.jpg,People,D:\git ex\DA\RMBG-U2NET\Data\images\People_498.jpg,D:\git ex\DA\RMBG-U2NET\Data\masks\People_498.png
People_499.jpg,People,D:\git ex\DA\RMBG-U2NET\Data\images\People_499.jpg,D:\git ex\DA\RMBG-U2NET\Data\masks\People_499.png
People_5.jpg,People,D:\git ex\DA\RMBG-U2NET\Data\images\People_5.jpg,D:\git ex\DA\RMBG-U2NET\Data\masks\People_5.png
People_50.jpg,People,D:\git ex\DA\RMBG-U2NET\Data\images\People_50.jpg,D:\git ex\DA\RMBG-U2NET\Data\masks\People_50.png
People_51.jpg,People,D:\git ex\DA\RMBG-U2NET\Data\images\People_51.jpg,D:\git ex\DA\RMBG-U2NET\Data\masks\People_51.png
People_52.jpg,People,D:\git ex\DA\RMBG-U2NET\Data\images\People_52.jpg,D:\git ex\DA\RMBG-U2NET\Data\masks\People_52.png
People_53.jpg,People,D:\git ex\DA\RMBG-U2NET\Data\images\People_53.jpg,D:\git ex\DA\RMBG-U2NET\Data\masks\People_53.png
People_54.jpg,People,D:\git ex\DA\RMBG-U2NET\Data\images\People_54.jpg,D:\git ex\DA\RMBG-U2NET\Data\masks\People_54.png
People_55.jpg,People,D:\git ex\DA\RMBG-U2NET\Data\images\People_55.jpg,D:\git ex\DA\RMBG-U2NET\Data\masks\People_55.png
People_56.jpg,People,D:\git ex\DA\RMBG-U2NET\Data\images\People_56.jpg,D:\git ex\DA\RMBG-U2NET\Data\masks\People_56.png
People_57.jpg,People,D:\git ex\DA\RMBG-U2NET\Data\images\People_57.jpg,D:\git ex\DA\RMBG-U2NET\Data\masks\People_57.png
People_58.jpg,People,D:\git ex\DA\RMBG-U2NET\Data\images\People_58.jpg,D:\git ex\DA\RMBG-U2NET\Data\masks\People_58.png
People_59.jpg,People,D:\git ex\DA\RMBG-U2NET\Data\images\People_59.jpg,D:\git ex\DA\RMBG-U2NET\Data\masks\People_59.png
People_6.jpg,People,D:\git ex\DA\RMBG-U2NET\Data\images\People_6.jpg,D:\git ex\DA\RMBG-U2NET\Data\masks\People_6.png
People_60.jpg,People,D:\git ex\DA\RMBG-U2NET\Data\images\People_60.jpg,D:\git ex\DA\RMBG-U2NET\Data\masks\People_60.png
People_61.jpg,People,D:\git ex\DA\RMBG-U2NET\Data\images\People_61.jpg,D:\git ex\DA\RMBG-U2NET\Data\masks\People_61.png
People_62.jpg,People,D:\git ex\DA\RMBG-U2NET\Data\images\People_62.jpg,D:\git ex\DA\RMBG-U2NET\Data\masks\People_62.png
People_63.jpg,People,D:\git ex\DA\RMBG-U2NET\Data\images\People_63.jpg,D:\git ex\DA\RMBG-U2NET\Data\masks\People_63.png
People_64.jpg,People,D:\git ex\DA\RMBG-U2NET\Data\images\People_64.jpg,D:\git ex\DA\RMBG-U2NET\Data\masks\People_64.png
People_65.jpg,People,D:\git ex\DA\RMBG-U2NET\Data\images\People_65.jpg,D:\git ex\DA\RMBG-U2NET\Data\masks\People_65.png
People_66.jpg,People,D:\git ex\DA\RMBG-U2NET\Data\images\People_66.jpg,D:\git ex\DA\RMBG-U2NET\Data\masks\People_66.png
People_67.jpg,People,D:\git ex\DA\RMBG-U2NET\Data\images\People_67.jpg,D:\git ex\DA\RMBG-U2NET\Data\masks\People_67.png
People_68.jpg,People,D:\git ex\DA\RMBG-U2NET\Data\images\People_68.jpg,D:\git ex\DA\RMBG-U2NET\Data\masks\People_68.png
People_69.jpg,People,D:\git ex\DA\RMBG-U2NET\Data\images\People_69.jpg,D:\git ex\DA\RMBG-U2NET\Data\masks\People_69.png
People_7.jpg,People,D:\git ex\DA\RMBG-U2NET\Data\images\People_7.jpg,D:\git ex\DA\RMBG-U2NET\Data\masks\People_7.png
People_70.jpg,People,D:\git ex\DA\RMBG-U2NET\Data\images\People_70.jpg,D:\git ex\DA\RMBG-U2NET\Data\masks\People_70.png
People_71.jpg,People,D:\git ex\DA\RMBG-U2NET\Data\images\People_71.jpg,D:\git ex\DA\RMBG-U2NET\Data\masks\People_71.png
People_72.jpg,People,D:\git ex\DA\RMBG-U2NET\Data\images\People_72.jpg,D:\git ex\DA\RMBG-U2NET\Data\masks\People_72.png
People_73.jpg,People,D:\git ex\DA\RMBG-U2NET\Data\images\People_73.jpg,D:\git ex\DA\RMBG-U2NET\Data\masks\People_73.png
People_74.jpg,People,D:\git ex\DA\RMBG-U2NET\Data\images\People_74.jpg,D:\git ex\DA\RMBG-U2NET\Data\masks\People_74.png
People_75.jpg,People,D:\git ex\DA\RMBG-U2NET\Data\images\People_75.jpg,D:\git ex\DA\RMBG-U2NET\Data\masks\People_75.png
People_76.jpg,People,D:\git ex\DA\RMBG-U2NET\Data\images\People_76.jpg,D:\git ex\DA\RMBG-U2NET\Data\masks\People_76.png
People_77.jpg,People,D:\git ex\DA\RMBG-U2NET\Data\images\People_77.jpg,D:\git ex\DA\RMBG-U2NET\Data\masks\People_77.png
People_78.jpg,People,D:\git ex\DA\RMBG-U2NET\Data\images\People_78.jpg,D:\git ex\DA\RMBG-U2NET\Data\masks\People_78.png
People_79.jpg,People,D:\git ex\DA\RMBG-U2NET\Data\images\People_79.jpg,D:\git ex\DA\RMBG-U2NET\Data\masks\People_79.png
People_8.jpg,People,D:\git ex\DA\RMBG-U2NET\Data\images\People_8.jpg,D:\git ex\DA\RMBG-U2NET\Data\masks\People_8.png
People_80.jpg,People,D:\git ex\DA\RMBG-U2NET\Data\images\People_80.jpg,D:\git ex\DA\RMBG-U2NET\Data\masks\People_80.png
People_81.jpg,People,D:\git ex\DA\RMBG-U2NET\Data\images\People_81.jpg,D:\git ex\DA\RMBG-U2NET\Data\masks\People_81.png
People_82.jpg,People,D:\git ex\DA\RMBG-U2NET\Data\images\People_82.jpg,D:\git ex\DA\RMBG-U2NET\Data\masks\People_82.png
People_83.jpg,People,D:\git ex\DA\RMBG-U2NET\Data\images\People_83.jpg,D:\git ex\DA\RMBG-U2NET\Data\masks\People_83.png
People_84.jpg,People,D:\git ex\DA\RMBG-U2NET\Data\images\People_84.jpg,D:\git ex\DA\RMBG-U2NET\Data\masks\People_84.png
People_85.jpg,People,D:\git ex\DA\RMBG-U2NET\Data\images\People_85.jpg,D:\git ex\DA\RMBG-U2NET\Data\masks\People_85.png
People_86.jpg,People,D:\git ex\DA\RMBG-U2NET\Data\images\People_86.jpg,D:\git ex\DA\RMBG-U2NET\Data\masks\People_86.png
People_87.jpg,People,D:\git ex\DA\RMBG-U2NET\Data\images\People_87.jpg,D:\git ex\DA\RMBG-U2NET\Data\masks\People_87.png
People_88.jpg,People,D:\git ex\DA\RMBG-U2NET\Data\images\People_88.jpg,D:\git ex\DA\RMBG-U2NET\Data\masks\People_88.png
People_89.jpg,People,D:\git ex\DA\RMBG-U2NET\Data\images\People_89.jpg,D:\git ex\DA\RMBG-U2NET\Data\masks\People_89.png
People_9.jpg,People,D:\git ex\DA\RMBG-U2NET\Data\images\People_9.jpg,D:\git ex\DA\RMBG-U2NET\Data\masks\People_9.png
People_90.jpg,People,D:\git ex\DA\RMBG-U2NET\Data\images\People_90.jpg,D:\git ex\DA\RMBG-U2NET\Data\masks\People_90.png
People_91.jpg,People,D:\git ex\DA\RMBG-U2NET\Data\images\People_91.jpg,D:\git ex\DA\RMBG-U2NET\Data\masks\People_91.png
People_92.jpg,People,D:\git ex\DA\RMBG-U2NET\Data\images\People_92.jpg,D:\git ex\DA\RMBG-U2NET\Data\masks\People_92.png
People_93.jpg,People,D:\git ex\DA\RMBG-U2NET\Data\images\People_93.jpg,D:\git ex\DA\RMBG-U2NET\Data\masks\People_93.png
People_94.jpg,People,D:\git ex\DA\RMBG-U2NET\Data\images\People_94.jpg,D:\git ex\DA\RMBG-U2NET\Data\masks\People_94.png
People_95.jpg,People,D:\git ex\DA\RMBG-U2NET\Data\images\People_95.jpg,D:\git ex\DA\RMBG-U2NET\Data\masks\People_95.png
People_96.jpg,People,D:\git ex\DA\RMBG-U2NET\Data\images\People_96.jpg,D:\git ex\DA\RMBG-U2NET\Data\masks\People_96.png
People_97.jpg,People,D:\git ex\DA\RMBG-U2NET\Data\images\People_97.jpg,D:\git ex\DA\RMBG-U2NET\Data\masks\People_97.png
People_98.jpg,People,D:\git ex\DA\RMBG-U2NET\Data\images\People_98.jpg,D:\git ex\DA\RMBG-U2NET\Data\masks\People_98.png
People_99.jpg,People,D:\git ex\DA\RMBG-U2NET\Data\images\People_99.jpg,D:\git ex\DA\RMBG-U2NET\Data\masks\People_99.png
